epoch,accuracy,learning_rate,loss,val_accuracy,val_loss
0,0.7781609296798706,9.999999747378752e-05,0.6763484477996826,0.9494252800941467,0.21930019557476044
1,0.9112069010734558,9.999999747378752e-05,0.2796575427055359,0.9643678069114685,0.11837620288133621
2,0.9346264600753784,9.999999747378752e-05,0.2166491448879242,0.9701149463653564,0.09682030230760574
3,0.9423850774765015,9.999999747378752e-05,0.1801985502243042,0.9735631942749023,0.08777151256799698
4,0.9479885101318359,9.999999747378752e-05,0.16181500256061554,0.9752873778343201,0.08042658120393753
5,0.954023003578186,9.999999747378752e-05,0.14842331409454346,0.9735631942749023,0.07418210059404373
6,0.9574712514877319,9.999999747378752e-05,0.13480280339717865,0.9758620858192444,0.07349500060081482
7,0.9596264362335205,9.999999747378752e-05,0.1270541399717331,0.9747126698493958,0.07264082878828049
